,Dialogue,True_Symptom,Extracted_Symptom
0," ""My limbs are puffed up like a balloon and my arms are so swollen I can't even wear my watch. I keep hiccuping and my face is all flushed and hot. I feel so dizzy I can't even stand up straight.""","['Hiccups', 'Swelling (arms or legs)', 'Hot flashes', 'Dizziness']","['Hand-foot syndrome (a rash of the hands and feet that can cause cracking, peeling, redness or pain)', 'Hives', 'Itching']"
1," ""I have been feeling really anxious and worried lately. I have been having a hard time sleeping and I wake up in the middle of the night. I have been having nightmares and I feel like I am going crazy. I have been having a hard time concentrating and I feel like I am losing my mind. I have been having a hard time eating and I feel like I am wasting away. I have been having a hard time talking to people and I feel like I am going to burst into tears at any moment. I have been having a hard time controlling my emotions and I feel like I am going to lose control at any moment. I have been having a hard time controlling my thoughts and I feel like I am going to go crazy. I have been having a hard time controlling my behavior and I feel like I am going to do something I will regret. I have been having a hard time controlling my impulses and I feel like I am going to do something I will regret. I have been having a hard time controlling my temper and I feel like I am going to do something I will regret. I have been having a hard time controlling my anger and I feel like I am going to do something I will regret. I have been having a hard time controlling my fear and I feel like I am going to do something I will regret. I have been having a hard time controlling my sadness and I feel like I am going to do something I will regret. I have been having a hard time","['Decreased sweating', 'Vomiting']","['Anxious', 'Discouraged', 'Sad', 'Fatigue', 'Insomnia']"
2," ""My body is a battlefield, where fatigue and chills wage war, while my nails are the sentinels, standing guard against the invaders, but even they are weakened by the constant attacks, and their ridges are the scars of the battles they have witnessed.""","['Fatigue', 'Nail ridging', 'Heart palpitations', 'Chills']",['Nail ridging']
3," ""My body stinks like a rotting corpse, and even sex is a painful ordeal. My nails are ridged and I sweat like a pig. What's wrong with me?""","['Body odor', 'Pain with sexual intercourse', 'Nail ridging', 'Increased sweating']","['Decreased appetite', 'Weight loss', 'Fatigue', 'Nausea', 'Vomiting']"
4," ""I have been experiencing a very severe body odor, moderate shortness of breath, mild constipation, and frequent ejaculation.""","['Body odor', 'Shortness of breath', 'Constipation', 'Ejaculation']","['Body odor', 'Constipation', 'Frequent ejaculation']"
5," ""My body is a battlefield, where the enemy of bed/pressure sores and dizziness wage war against me. I am constantly on the lookout for signs of infection, as I lie in bed, my skin a battleground, where the enemy of bed/pressure sores and dizziness fight for dominance. I am tired of being a prisoner in my own home, unable to leave my bed, as the enemy of bed/pressure sores and dizziness continue to wage war against me.""","['Bed/pressure sores', 'Dizziness']","['Bed/pressure sores', 'Dizziness']"
6," ""I am experiencing a mild itching sensation all over my body, and I have developed some stretch marks on my abdomen and breasts. I hope the doctor can prescribe something to alleviate these symptoms, or I will be forced to sue the hospital for malpractice.""","['Itching', 'Stretch marks']","['Abdominal pain', 'Bloating', 'Constipation']"
7," ""I'm always in pain, I can't swallow properly, I can't even have sex, I'm always sad.""","['General pain', 'Difficulty Swallowing', 'Delayed orgasm', 'Sad']","['Difficulty Swallowing', 'Abdominal pain']"
8," ""My vision is blurred, as if a veil of fog has descended upon my eyes, obscuring the world around me. My heart burns with a fire that cannot be quenched, a flame that threatens to consume me from the inside out. I am discouraged, as if the weight of the world rests upon my shoulders, and I am unable to lift my head to face the day.""","['Blurred vision', 'Heartburn', 'Discouraged']","['Decreased appetite', 'Weight loss', 'Fatigue', 'Dizziness', 'Nausea']"
9," ""I'm tellin' ya, I got these ridges on me nails and I'm dizzy all the time. What the hell is goin' on with me body?""","['Nail ridging', 'Dizziness']",['Nail ridging']
10," ""I have been feeling quite sad lately, and I have been experiencing some itching on my skin. It is somewhat interfering with my daily activities.""","['Itching', 'Sad']","['Itching', 'Sad']"
11," ""I have been having a little bit of shortness of breath and dizziness lately. I also notice that my voice sounds a little different. I am not sure if it is just a cold or something more serious. I hope I can get some help with this.""","['Shortness of breath', 'Dizziness', 'Voice quality changes']","['Difficulty Swallowing', 'Dry Mouth', 'Hoarseness', 'Shortness of breath']"
12," ""I'm always pissing myself, and my heart is always racing. I'm so sick of it, I want to die.""","['Urinary incontinence', 'Heart palpitations']","['Decreased appetite', 'Weight loss', 'Fatigue']"
13," ""My skin is a map of my pain, a canvas of my suffering. My body is a battlefield, where my health and my beauty are at war. My skin is a battleground, where my stretch marks and my mouth/throat sores and my nosebleeds and my acne are fighting for dominance. My skin is a reflection of my inner self, a mirror of my soul. My skin is a window to my health, a reflection of my well-being. My skin is a map of my life, a record of my experiences. My skin is a canvas of my memories, a reflection of my past. My skin is a battleground, where my health and my beauty are at war. My skin is a battlefield, where my stretch marks and my mouth/throat sores and my nosebleeds and my acne are fighting for dominance.""","['Stretch marks', 'Mouth/throat sores', 'Nosebleed', 'Acne']","['Mouth/throat sores', 'Acne', 'Skin dryness', 'Stretch marks', 'Rash']"
14," ""I have noticed that my tongue feels dry and rough, and I have had a metallic taste in my mouth for the past few days. I also find that I do not sweat as much as I used to, especially in my armpits.""","['Taste Changes', 'Decreased sweating']","['Dry Mouth', 'Taste Changes', 'Constipation']"
15," ""I have been experiencing cracks at the corners of my mouth for quite some time now, and I am worried that it might be a sign of something more serious. I have also noticed that I have been feeling less interested in sexual activities, and I am concerned that this might be a sign of a more serious medical condition.""","['Cracking at the corners of the mouth (cheilosis/cheilitis)', 'Decreased libido']",['Cracking at the corners of the mouth (cheilosis/cheilitis)']
16," ""I've been feeling a little numbness and tingling in my hands and feet for a while now, but I thought it was just because I was sitting at my desk all day. But now I'm starting to feel it in my face too, and it's really annoying. I also feel really bloated all the time, and I don't know why. I eat pretty healthy most of the time, and I try to get some exercise in too. But I guess I must be doing something wrong. Oh, and I've also been losing a lot of hair lately. I don't know if it's because of the numbness and tingling, or if it's just because I'm getting older. I'm not really sure what to do about it though.""","['Numbness & tingling', 'Bloating', 'Hair loss']","['Numbness & tingling', 'Hair loss']"
17," ""I have numbness and tingling in my hands and feet, and sometimes I feel like I'm walking on clouds. I also have nosebleeds sometimes, and I'm not really hungry most of the time. Sex is really painful for me, and I feel like I'm tearing up inside.""","['Numbness & tingling', 'Nosebleed', 'Decreased appetite', 'Pain with sexual intercourse']","['Numbness & tingling', 'Ringing in ears', 'Fatigue', 'Joint pain', 'Memory']"
18," ""I got a rash on my skin and my nails are turning yellow, and my eyes are all watery and my poop is coming out of my butt.""","['Watery eyes', 'Nail discoloration', 'Skin darkening', 'Fecal incontinence']","['Nail discoloration', 'Nail loss', 'Nail ridging', 'Rash', 'Itching']"
19," ""I am unable to breathe properly and feel like I am going to vomit all the time. I have been unable to have an orgasm for months now and I feel dizzy all the time. I am unable to do any of my daily activities properly.""","['Shortness of breath', 'Vomiting', 'Delayed orgasm', 'Dizziness']","['Decreased libido', 'Delayed orgasm', 'Achieve and maintain erection']"
20," ""I got this red rash on my arm and it itches like hell. I also got this muscle pain in my back and it's killing me.""","['Itching', 'Muscle pain']","['Mouth/throat sores', 'Abdominal pain', 'Muscle pain', 'Itching']"
21," ""I'm so sick of this crap. I've got numbness and tingling in my face and hands, and I've got this rash all over my body. And to top it all off, I've been hiccuping nonstop for the past hour. I'm so tired of being sick. I just want to feel normal again.""","['Numbness & tingling', 'Rash', 'Hiccups', 'Muscle pain']","['Numbness & tingling', 'Hiccups', 'Rash']"
22," ""I'm all bloody and my hair is falling out, and I'm in so much pain I can't even get out of bed.""","['Nosebleed', 'Hair loss', 'Muscle pain']","['Decreased appetite', 'Fatigue', 'Joint pain']"
23," ""Oh, dear physician, I'm afraid I'm quite ill. I've developed a Hand-foot syndrome (a rash of the hands and feet that can cause cracking, peeling, redness or pain), and my eyes are perpetually watery. To top it all off, I'm perpetually bloated. Quite frankly, I'm quite fed up with these symptoms. They interfere with my daily activities quite a bit, and the severity is quite severe. I'm quite tired of being sick, and I implore you to cure me of these wretched symptoms.""","['Hand-foot syndrome (a rash of the hands and feet that can cause cracking, peeling, redness or pain)', 'Watery eyes', 'Bloating']","['Hand-foot syndrome (a rash of the hands and feet that can cause cracking, peeling, redness or pain)', 'Watery eyes', 'Bloating']"
24," ""A dull ache behind my eyes, like a hammer pounding away, and a burning sensation in my chest, as if acid was seeping up from my stomach. I feel a sudden urge to urinate, but when I try to go, nothing comes out.""","['Headache', 'Heartburn', 'Urinary incontinence']","['Abdominal pain', 'Heartburn', 'Nausea', 'Vomiting']"
25," ""I'm so sick of this dry vagina, it's like I'm 80 years old or something."" ","['Vaginal dryness', 'Bruising']","['Decreased libido', 'Vaginal dryness', 'Hot flashes']"
26," ""I have very severe hand-foot syndrome, rarely have fecal incontinence, never have ejaculation and have very severe heart palpitations.""","['Hand-foot syndrome (a rash of the hands and feet that can cause cracking, peeling, redness or pain)', 'Fecal incontinence', 'Ejaculation', 'Heart palpitations']","['Hand-foot syndrome', 'Fecal incontinence', 'Heart palpitations']"
27," ""I have been feeling anxious and my memory has been getting worse.""","['Memory', 'Anxious']","['Decreased appetite', 'Weight loss', 'Fatigue']"
28," ""I have had watery eyes almost constantly for the past 3 days.""","['Fecal incontinence', 'Bloating', 'Radiation skin reaction', 'Watery eyes']",['Watery eyes']
29," ""I'm so bloated all the time, and I feel like I'm walking around with a big fat gut. And I'm always numb and tingly, like my hands and feet are falling asleep. And I'm losing so much hair, I look like a balding monkey. And I always have so much gas, I sound like a human blowtorch.""","['Bloating', 'Numbness & tingling', 'Hair loss', 'Gas']","['Bloating', 'Nausea', 'Vomiting', 'Diarrhea', 'Constipation']"
30," ""My skin is turning dark and my nails are turning yellow, what is this disease? I am so angry and frustrated, I can't even sleep at night because of this disease. I am so sick of this disease, I want to get better as soon as possible.""","['Skin darkening', 'Nail discoloration']","['Decreased appetite', 'Weight loss', 'Fatigue']"
31," ""I am unable to sleep at night because of the itching on my skin. It is so severe that I scratch my skin until it bleeds. I also have a hoarse voice and I often urinate accidentally.""","['Insomnia', 'Itching', 'Hoarseness', 'Urinary incontinence']","['Itching', 'Hoarseness']"
32," ""I have been experiencing dry mouth for the past few days. It is moderate in severity and almost constant in frequency. I have also been vomiting occasionally. The vomiting is moderate in severity and occurs almost constantly.""","['Dry Mouth', 'Vomiting']","['Dry Mouth', 'Vomiting']"
33," ""I'm so fed up with these hiccups! They're so severe that I can't even eat or sleep properly. I've had them for a week now and I'm getting really discouraged. On top of that, I've been experiencing a radiation skin reaction which is really annoying. It's not just a mild redness, it's a burning sensation and it's very much interfering with my daily activities. I'm so angry that I can't even think straight. I see flashing lights all the time and I'm getting really worried.""","['Hiccups', 'Radiation skin reaction', 'Discouraged', 'Flashing lights']","['Hiccups', 'Radiation skin reaction']"
34," ""I have been hiccuping nonstop for the past three days and I have developed a rash all over my body. It is very itchy and I have been scratching it nonstop. I am very tired and I have no appetite. I have been vomiting a lot and I have abdominal pain. I have also been having diarrhea. I am very cold and I have chills. I have a fever and my throat is sore. I have a cough and I am having difficulty breathing. I am very dizzy and I have headaches. I am very depressed and I have no energy.""","['Hiccups', 'Rash']","['Abdominal pain', 'Diarrhea', 'Fever']"
35," ""My body is a festering swamp, with noxious fumes rising from my gut, my urine is a murky brown, and I am unable to climax, yet the doctors are powerless to help me.""","['Gas', 'Change in usual urine color', 'Bloating', 'Unable to have orgasm']","['Decreased appetite', 'Weight loss', 'Fatigue', 'Nausea', 'Vomiting']"
36," ""I have been having flashing lights and I am so scared that I wet myself.""","['Urinary incontinence', 'Discouraged', 'Flashing lights', 'Urinary frequency']",['Flashing lights']
37," ""My life is a constant struggle, a battle against the sun's cruel rays, which pierce my skin like daggers, leaving behind a trail of pain and discomfort. Even the slightest touch, a gentle caress from my lover, is transformed into a searing agony that leaves me gasping for breath. I am a prisoner in my own skin, a slave to my own desires, unable to escape the prison of my own flesh.""","['Discouraged', 'Pain with sexual intercourse', 'Sensitivity to sunlight']","['Decreased appetite', 'Weight loss', 'Fatigue']"
38," ""I have been experiencing muscle pain, urinary frequency, bruising, and heartburn for the past week. The muscle pain is not severe and is localized to my shoulders and back. I have been having urinary frequency, where I need to urinate more often than usual. The urine stream is not weak, but I do feel the urge to urinate frequently. I have also been experiencing easy bruising, where even slight trauma results in bruising. I have bruises on my lower legs and arms from minor falls. Lastly, I have been experiencing heartburn, where I feel a burning sensation in my chest after eating. The heartburn is not severe and is not accompanied by any regurgitation of food or difficulty breathing.""","['Muscle pain', 'Urinary frequency', 'Bruising', 'Heartburn']","['Heartburn', 'Urinary frequency', 'Muscle pain', 'Bruising']"
39," ""My nails are turning into a shade of grey that I've never seen before, and I'm so embarrassed to show them to anyone. I'm also having trouble controlling my bladder, and I'm always worried that I'll have an accident. I'm so frustrated with my body right now, and I just want to be able to feel normal again.""","['Urinary incontinence', 'Nail discoloration']","['Nail discoloration', 'Urinary incontinence', 'Anxious', 'Sad', 'Fatigue']"
40," ""I been having this weird ringing in my ears for a while now, and I been having less of an appetite too. Also, my arms and legs been swelling up a bit, and I been getting chills a lot.""","['Ringing in ears', 'Decreased appetite', 'Swelling (arms or legs)', 'Chills']","['Decreased appetite', 'Weight loss']"
41," ""I am so sick of these delayed orgasms, it's like my body is against me, and I am so tired of feeling numb and tingly, it's like I am always on edge, and I am so anxious all the time, it's like I am always waiting for something bad to happen, and these stretch marks are just the cherry on top, I hate them so much.""","['Delayed orgasm', 'Numbness & tingling', 'Anxious', 'Stretch marks']","['Delayed orgasm', 'Numb and tingling', 'Anxious', 'Sad', 'Discouraged']"
42," ""I got these blisters in my mouth and throat and it's been really painful to eat and talk. And I've been getting these sores on my genitals too. It's been really painful to have sex. And I've been losing my nails too. I don't know what's going on with my body.""","['Mouth/throat sores', 'Pain with sexual intercourse', 'Nail loss']","['Mouth/throat sores', 'Difficulty Swallowing', 'Hoarseness']"
43," ""I have been feeling very sad lately, and I have noticed that my vagina is drier than usual. I also have had watery eyes for the past few days.""","['Sad', 'Vaginal dryness', 'Watery eyes']","['Decreased libido', 'Vaginal dryness', 'Watery eyes']"
44," ""I've been getting these red spots on my hands and feet that are really itchy and dry. I've also been getting these memory lapses where I forget what I just said or did. I'm also getting these stretch marks on my belly and thighs.""","['Hand-foot syndrome (a rash of the hands and feet that can cause cracking, peeling, redness or pain)', 'Memory', 'Stretch marks']","['Hand-foot syndrome (a rash of the hands and feet that can cause cracking, peeling, redness or pain)', 'Itching', 'Stretch marks']"
45," ""My body is a battlefield, where my cells are at war with each other, and I am the casualty. My skin is a map of my pain, with dark spots marking the places where I have been wounded. My flesh is weak, and my bones are brittle, but my spirit is strong. I will not give up, for I am a warrior, and I will fight until the end.""","['Fatigue', 'Irregular periods/vaginal bleeding', 'Bed/pressure sores', 'Stretch marks']","['Decreased appetite', 'Weight loss', 'Fatigue', 'Concentration', 'Memory']"
46," ""My stomach churns with each heave, as if a thousand snakes were writhing within me, their venom coursing through my veins. My mouth is parched, as if the sands of the desert had taken up residence within it. And yet, despite the turmoil within, I feel as if I have not eaten in weeks, as if my very soul were starving. But it is not just my body that suffers, for I have not had my time of the month in what feels like an eternity. What is happening to me?""","['Vomiting', 'Dry Mouth', 'Missed expected menstrual period']","['Abdominal pain', 'Bloating', 'Decreased appetite', 'Nausea', 'Vomiting']"
47," ""I'm so fukin tired all the time, I cant even get outta bed in the mornin. And now I'm startin to lose my nails too. What the fuk is goin on with me?""","['Fatigue', 'Nail loss']","['Decreased appetite', 'Fatigue', 'Nausea', 'Vomiting', 'Diarrhea']"
48," ""I'm worried that my hand-foot syndrome will get worse and I'll have to stop taking my medication.""","['Hand-foot syndrome (a rash of the hands and feet that can cause cracking, peeling, redness or pain)', 'Numbness & tingling', 'Muscle pain']",['Hand-foot syndrome']
49," ""I am quite annoyed with this rash on my skin. It is so itchy and I cannot stop scratching it. I hope this rash goes away soon.""","['Ringing in ears', 'Rash', 'Joint pain']","['Itching', 'Rash']"
50," ""I'm always cold and I can't control my bladder and bowel movements.""","['Urinary incontinence', 'Fecal incontinence', 'Chills']","['Decreased appetite', 'Weight loss', 'Fatigue', 'Constipation', 'Nausea']"
51," ""I have been suffering from excruciating pain during sexual intercourse for quite some time now. It is so severe that I often end up crying during the act. I have tried to talk to my partner about it, but he just brushes it off as me being overly sensitive. I am so frustrated and angry that I just want to scream. I also have a problem with urinary incontinence. I often leak urine when I laugh, cough, or sneeze. It is so embarrassing that I often avoid social gatherings and parties. I have tried to talk to my doctor about it, but he just tells me to practice Kegel exercises. I am so angry that I just want to punch something. I also have a problem with tinnitus. I often hear a ringing sound in my ears, especially when I am in a quiet place. It is so annoying that I often end up taking sleeping pills just so I can fall asleep. I have tried to talk to my doctor about it, but he just tells me to wear earplugs. I am so angry that I just want to scream. I also have a problem with diarrhea. I often have watery stools, especially when I eat spicy food. It is so embarrassing that I often avoid eating out with my friends. I have tried to talk to my doctor about it, but he just tells me to eat more fiber. I am so angry that I just want to punch something.""","['Pain with sexual intercourse', 'Urinary incontinence', 'Ringing in ears', 'Diarrhea']","['Decreased libido', 'Delayed orgasm', 'Achieve and maintain erection', 'Ejaculation']"
52," ""I'm so sick of this bloody cold! I've had watery eyes for weeks now and it's driving me bloody crazy! And I've got this bloody vaginal discharge that's making me feel so unclean! And I've been having this bloody urinary urgency that's making me run to the bloody bathroom every five minutes! And I've been feeling so nauseous that I can't even bloody eat! I'm so sick of this bloody cold!""","['Watery eyes', 'Vaginal discharge', 'Urinary urgency', 'Nausea']","['Decreased appetite', 'Nausea', 'Vomiting']"
53," ""I'm so scared I won't be able to get it up anymore.""","['Achieve and maintain erection', 'Breast swelling and tenderness', 'Ringing in ears']","['Decreased libido', 'Achieve and maintain erection', 'Pain with sexual intercourse']"
54," ""I got this burning sensation when I pee, and I had to go so often, I was up every hour at night. I started seeing these flashing lights, and my skin got so dry, I had to put moisturizer everywhere.""","['Painful urination', 'Urinary frequency', 'Flashing lights', 'Skin dryness']","['Decreased appetite', 'Weight loss', 'Fatigue', 'Nausea', 'Vomiting']"
55," ""I got a f**king sore throat and my eyes are all blurry, motherf**ker. I can't even talk properly and I can't see a f**king thing. I'm f**king dying, man.""","['Voice quality changes', 'Blurred vision']","['Mouth/throat sores', 'Sore throat', 'Blurred vision', 'Eye redness', 'Eye irritation']"
56," ""I have been experiencing some nail problems lately. My nails have started to develop ridges and I have noticed that they are breaking easily. I am worried that this might be a sign of something more serious. I have also been experiencing some heartburn lately. I have been having difficulty swallowing and I feel like there is a burning sensation in my chest. I am worried that this might be a sign of something more serious.""","['Nail ridging', 'Heartburn']","['Nail ridging', 'Nail discoloration', 'Nail loss', 'Heartburn']"
57," ""My mind is a fog, and my words are a jumbled mess, as if my tongue is a dry leaf stuck in my mouth.""","['Concentration', 'Voice quality changes', 'Difficulty Swallowing', 'Skin dryness']","['Dry Mouth', 'Voice quality changes', 'Fatigue']"
58," ""I'm feeling dizzy and my nails are all ridged and stuff. I've been farting like crazy and I missed my period. I'm so sick of being sick. I'm so sick of feeling like this. I'm so sick of being sick. I'm so sick of feeling like this. I'm so sick of being sick. I'm so sick of feeling like this. I'm so sick of being sick. I'm so sick of feeling like this. I'm so sick of being sick. I'm so sick of feeling like this. I'm so sick of being sick. I'm so sick of feeling like this. I'm so sick of being sick. I'm so sick of feeling like this. I'm so sick of being sick. I'm so sick of feeling like this. I'm so sick of being sick. I'm so sick of feeling like this. I'm so sick of being sick. I'm so sick of feeling like this. I'm so sick of being sick. I'm so sick of feeling like this. I'm so sick of being sick. I'm so sick of feeling like this. I'm so sick of being sick. I'm so sick of feeling like this. I'm so sick of being sick. I'm so sick of feeling like this. I'm so sick of being sick. I'm so sick of feeling like this. I'm so sick of being sick. I'm so sick of feeling like this.","['Dizziness', 'Nail ridging', 'Gas', 'Missed expected menstrual period']",['Nail ridging']
59," ""I've been having this really bad body odor for the past month or so. I shower twice a day, use deodorant, and even wear loose clothes, but it doesn't seem to help much. I've also noticed that I've been getting really dry down there, and it's been really uncomfortable. I've been coughing a lot lately too, and it's been getting worse over time. I've also been having some joint pain, especially in my knees and elbows, and it's been really bothering me. I'm not sure what's causing all these symptoms, but I'm really worried about it.""","['Body odor', 'Vaginal dryness', 'Coughing', 'Joint pain']","['Body odor', 'Joint pain', 'Coughing']"
60," ""I am so sick and tired of these heart palpitations, cracking at the corners of my mouth, chills, and loss of appetite. It's always the same, and I'm so angry about it.""","['Heart palpitations', 'Cracking at the corners of the mouth (cheilosis/cheilitis)', 'Chills', 'Decreased appetite']","['Heart palpitations', 'Cracking at the corners of the mouth (cheilosis/cheilitis)', 'Loss of appetite']"
61," ""I'm fed up with this numbness and tingling in my hands and feet, it's been going on for months now. And don't even get me started on the cracking at the corners of my mouth, it's absolutely disgusting.""","['Numbness & tingling', 'Cracking at the corners of the mouth (cheilosis/cheilitis)']","['Numbness & tingling', 'Hand-foot syndrome (a rash of the hands and feet that can cause cracking, peeling, redness or pain)']"
62," ""I have been experiencing breast swelling and tenderness for the past few days, and it is very much interfering with my daily activities. Also, I have been feeling numbness and tingling in my hands and feet, and it is also very much interfering with my daily activities.""","['Breast swelling and tenderness', 'Numbness & tingling']","['Breast swelling and tenderness', 'Numbness & tingling']"
63," ""My kidneys are on fire and my ears are ringing like a thousand bells, and I see these dark strings floating in front of my eyes, and my joints are so sore I can barely move.""","['Painful urination', 'Ringing in ears', 'Visual floaters', 'Joint pain']","['Decreased appetite', 'Nausea', 'Vomiting', 'Diarrhea', 'Fatigue']"
64," ""I am experiencing a change in my usual urine color, and I am anxious. I also have dry skin and stretch marks.""","['Change in usual urine color', 'Anxious', 'Skin dryness', 'Stretch marks']",['Change in usual urine color']
65," ""My body is a battlefield, where pain and frustration wage war, and I am the helpless victim, unable to escape the agony.""","['Delayed orgasm', 'Abdominal pain']","['Decreased appetite', 'Weight loss', 'Fatigue']"
66," ""I am experiencing a general weakness and lethargy, as well as decreased sweating, urinary urgency, skin darkening, and difficulty concentrating. I am also having trouble sleeping and have noticed a slight weight gain. I am concerned that these symptoms may be related to a more serious medical condition.""","['Decreased sweating', 'Urinary urgency', 'Skin darkening', 'Concentration']","['Decreased sweating', 'Skin darkening', 'Difficulty concentrating', 'Sleeping difficulties', 'Weight gain']"
67," ""I'm always sweating like a pig and I can't get it up anymore. My voice is all hoarse and I got this weird discharge from my vagina.""","['Increased sweating', 'Achieve and maintain erection', 'Hoarseness', 'Vaginal discharge']","['Decreased libido', 'Vaginal dryness', 'Vaginal discharge', 'Hot flashes', 'Night sweats']"
68," ""I have been experiencing vaginal dryness and it's really affecting my sex life.""","['Vaginal dryness', 'Sensitivity to sunlight', 'Taste Changes']",['Vaginal dryness']
69," ""I have been noticing that I have been bruising very easily lately. I also have been having trouble remembering things that I did just a few days ago. I have been very confused and disoriented. I have been having trouble with my memory and I have been very forgetful. I have been having trouble remembering appointments and meetings. I have been having trouble remembering phone numbers and names. I have been having trouble remembering where I put things. I have been having trouble remembering what I was doing. I have been having trouble remembering what I was saying. I have been having trouble remembering what I was reading. I have been having trouble remembering what I was watching. I have been having trouble remembering what I was listening to. I have been having trouble remembering what I was doing. I have been having trouble remembering what I was saying. I have been having trouble remembering what I was reading. I have been having trouble remembering what I was watching. I have been having trouble remembering what I was listening to. I have been having trouble remembering what I was doing. I have been having trouble remembering what I was saying. I have been having trouble remembering what I was reading. I have been having trouble remembering what I was watching. I have been having trouble remembering what I was listening to. I have been having trouble remembering what I was doing. I have been having trouble remembering what I was saying. I have been having trouble remembering what I was reading. I have been having trouble remembering what I was watching","['Bruising', 'Memory']","['Breast swelling and tenderness', 'Bruising', 'Dizziness', 'Fatigue', 'Hair loss']"
70," ""I have been feeling very sensitive to sunlight lately. I wear sunglasses all the time, but I still get burned easily. I also have been having trouble reaching orgasm. It takes a lot longer than usual and I don't feel as satisfied after I do.""","['Sensitivity to sunlight', 'Delayed orgasm']",['Sensitivity to sunlight']
71," ""I have been having trouble getting aroused lately. My voice has been changing too. I have a rash on my arms and chest.""","['Unable to have orgasm', 'Voice quality changes', 'Rash']","['Decreased libido', 'Achieve and maintain erection', 'Pain with sexual intercourse']"
72," ""I got these stretch marks all over my belly and back from being so fat and pregnant. I was in so much pain during labor and delivery. I was so scared I'd die. I was so scared I'd never see my baby again. I was so scared I'd never see my husband again. I was so scared I'd never see my family again. I was so scared I'd never see my friends again. I was so scared I'd never see my colleagues again. I was so scared I'd never see my neighbors again. I was so scared I'd never see my doctor again. I was so scared I'd never see my nurse again. I was so scared I'd never see my pharmacist again. I was so scared I'd never see my dentist again. I was so scared I'd never see my optician again. I was so scared I'd never see my veterinarian again. I was so scared I'd never see my hairdresser again. I was so scared I'd never see my barber again. I was so scared I'd never see my beautician again. I was so scared I'd never see my masseuse again. I was so scared I'd never see my acupuncturist again. I was so scared I'd never see my chiropractor again. I was so scared I'd never see my physiotherapist again. I was so scared I'd never see my psychiatrist again. I was so scared I'd never see my","['Abdominal pain', 'Stretch marks', 'Pain and swelling at injection site']","['Cracking at the corners of the mouth (cheilosis/cheilitis)', 'Difficulty Swallowing']"
73," ""I'm always tired and feel like I'm getting sick all the time. I've had really bad cramps during my periods for a while now, and I've been getting really light periods or no periods at all. I've also been getting really bad vaginal bleeding in between periods. I've also noticed that I don't sweat as much as I used to, and when I do sweat it's not as salty. I've also been having really painful urination, and I've noticed that my urine is really dark.""","['Irregular periods/vaginal bleeding', 'Decreased sweating', 'Painful urination']","['Decreased sweating', 'Dark urine', 'Fatigue', 'Irregular periods/vaginal bleeding', 'Light periods']"
74," ""I been feelin like shite lately, mate. I been vomitin up me lunch and dinner every day for the past week or so. I cant even keep a glass of water down without pukin it back up. I been feelin so anxious all the time too. I cant sleep at night and I get all hot and sweaty when I try to relax. I been gettin these dizzy spells too. I be walkin down the street and suddenly I feel all woozy and I gotta grab onto somethin to stop myself from fallin over. And I been gettin this dry mouth too. I cant even talk proper like this. I be tryin to order a pint at the pub and I cant even get the words out right. I be sittin there lookin like a right plonker. I dont know what the hell is wrong with me, mate. I been to the doc and he just gave me some pills and told me to come back in a week. But I dont think them pills are workin, mate. I still feel like shite.""","['Vomiting', 'Anxious', 'Dizziness', 'Dry Mouth']","['Dry Mouth', 'Nausea', 'Vomiting']"
75," ""I can't remember the names of people I just met, and I keep forgetting where I put things. And I've been getting these weird discharges from my vagina. It's been really embarrassing. And my muscles are always aching, especially my neck and shoulders. I can't even lift my arms above my head without feeling this sharp pain. I'm so scared, doc. What's wrong with me?""","['Memory', 'Vaginal discharge', 'Muscle pain']","['Decreased libido', 'Vaginal discharge', 'Vaginal dryness', 'Urinary frequency']"
76," ""I'm so sick of this constant headache and painful peeing. I can't even take a proper dump without wincing in pain. And I'm so tired all the time. I'm not even sleeping well, but I'm still so exhausted. I'm so sick of feeling like this.""","['Painful urination', 'Headache']","['Headache', 'Painful urination', 'Fatigue']"
77," ""I have been feeling extremely fatigued lately, as if I have no energy to do anything. I have also been vomiting quite frequently, which is very unusual for me.""","['Fatigue', 'Vomiting']","['Abdominal pain', 'Bloating', 'Nausea', 'Vomiting']"
78," ""I got bed sores on me bum and me back and me legs and me feet and me arms and me shoulders and me chest and me head and me neck and me face and me ears and me mouth and me nose and me eyes and me eyelids and me eyebrows and me forehead and me temples and me cheeks and me chin and me lips and me tongue and me throat and me Adam's apple and me larynx and me trachea and me lungs and me heart and me stomach and me small intestine and me large intestine and me bladder and me kidneys and me urethra and me ureters and me testicles and me penis and me nipples and me breasts and me uterus and me vagina and me clitoris and me labia and me anus and me buttocks and me thighs and me calves and me shins and me feet and me hands and me wrists and me forearms and me elbows and me biceps and me upper arms and me shoulders and me neck and me head and me face and me ears and me mouth and me nose and me eyes and me eyelids and me eyebrows and me forehead and me temples and me cheeks and me chin and me lips and me tongue and me throat and me Adam's apple and me larynx and me trachea and me lungs and me heart and me stomach and me small intestine and me large intestine and me bladder and me kidneys and me urethra and me ureters and me testicles and me penis and me nipples","['Bed/pressure sores', 'Increased sweating', 'Joint pain']","['Breast swelling and tenderness', 'Bed/pressure sores', 'Cracking at the corners of the mouth (cheilosis/cheilitis)']"
79," ""My eyes are filled with dark spots that follow me everywhere I go, and I am unable to maintain an erection, which makes me feel so helpless and scared.""","['Visual floaters', 'Achieve and maintain erection']","['Decreased libido', 'Achieve and maintain erection', 'Unable to have orgasm']"
80," ""I got radiation skin reaction everywhere, I can't even get a boner, and I'm so discouraged, I'm gonna die from this shit.""","['Radiation skin reaction', 'Unable to have orgasm', 'Discouraged']","['Decreased libido', 'Achieve and maintain erection', 'Delayed orgasm']"
81," ""I got these shots last week and now I'm having this burning sensation when I pee and I'm having to go so bad I'm peeing every hour. And I got these acne pills from the doctor and now I'm breaking out all over my face. And my arm where I got the shot is so swollen and painful I can't even sleep on it. And I've been feeling so cold I'm shivering all the time.""","['Urinary urgency', 'Acne', 'Pain and swelling at injection site', 'Chills']","['Acne', 'Burning sensation when urinating', 'Swelling at injection site']"
82," ""I've been having these mouth/throat sores for a while now, and they're really painful. I also have breast swelling and tenderness, and it's been going on for a few weeks now. I'm really worried about this.""","['Mouth/throat sores', 'Breast swelling and tenderness']","['Mouth/throat sores', 'Breast swelling and tenderness']"
83," ""I'm pissing blood and my skin is as dry as a dead cock's comb. What the hell is wrong with me, you bloody quack?""","['Painful urination', 'Skin dryness']","['Decreased appetite', 'Weight loss', 'Fatigue']"
84," ""I'm feelin like I'm goin blind, I got a dry mouth worse than the Sahara desert, I ain't got no interest in no sex, and I'm swellin up like a balloon.""","['Flashing lights', 'Dry Mouth', 'Decreased libido', 'Swelling (arms or legs)']","['Dry Mouth', 'Voice quality changes', 'Fatigue', 'Nausea', 'Constipation']"
85," ""I have been having abdominal pain for the past few days. It is a dull ache that is constant and does not seem to be getting any better. I also have a rash on my abdomen that is red and itchy. I have been having trouble achieving and maintaining an erection.""","['Abdominal pain', 'Rash', 'Achieve and maintain erection']","['Abdominal pain', 'Rash', 'Erectile dysfunction']"
86," ""I've been having abdominal pain for a while now, and it's been getting worse. It's been almost constant, and it's been affecting my daily activities. I've also noticed that I have painful urination, and it's been getting worse too. I'm not sure what's causing these symptoms, but I'm worried that it might be something serious.""","['Abdominal pain', 'Painful urination']","['Abdominal pain', 'Painful urination']"
87," ""I have nosebleeds all the time, and the shots I got hurt so bad. I have hives all over my body and it itches so bad. I am so angry and upset.""","['Nosebleed', 'Pain and swelling at injection site', 'Hives']","['Nosebleed', 'Hives']"
88," ""I've got a bloody itch everywhere, and I can't stop scratching. I've got bed sores all over my bloody body, and I can barely breathe. I can't even get a bloody erection, let alone have sex.""","['Itching', 'Bed/pressure sores', 'Shortness of breath', 'Achieve and maintain erection']","['Bed/pressure sores', 'Itching', 'Shortness of breath']"
89," ""I have been experiencing irregular periods/vaginal bleeding, headache, and bloating. The periods/vaginal bleeding is irregular and I have been experiencing severe headache and bloating.""","['Irregular periods/vaginal bleeding', 'Headache', 'Bloating']","['Abdominal pain', 'Bloating', 'Decreased appetite']"
90," ""I have been experiencing a vaginal discharge for the past week. It is a white colour and has a slightly fishy smell. I also have numbness and tingling in my hands and feet, which is affecting my balance. I have been having hiccups for the past few days, which are not being triggered by eating or drinking.""","['Vaginal discharge', 'Numbness & tingling', 'Hiccups']","['Vaginal discharge', 'Numbness & tingling', 'Hiccups']"
91," ""I have been having some nail ridging and hot flashes lately.""","['Nail ridging', 'Hot flashes', 'Joint pain']",['Nail ridging']
92," ""I have been experiencing ringing in my ears for a while now, but lately it has become much worse. I also have a problem with my bladder, as I often have an urge to urinate, but I can't always make it to the bathroom in time. Additionally, I have developed a radiation skin reaction on my chest, which is quite painful. Furthermore, I have been experiencing cracking at the corners of my mouth, which is quite annoying.""","['Ringing in ears', 'Urinary incontinence', 'Radiation skin reaction', 'Cracking at the corners of the mouth (cheilosis/cheilitis)']","['Cracking at the corners of the mouth (cheilosis/cheilitis)', 'Ringing in ears']"
93," ""My periods are all over the place, I'm bleeding all the time, I'm so hungry but I can't eat, and I just can't get off like I used to.""","['Irregular periods/vaginal bleeding', 'Decreased appetite', 'Delayed orgasm']","['Decreased appetite', 'Nausea', 'Vomiting']"
94," ""I've been feeling so anxious lately, I can't sleep at all. I was also supposed to have my period last week but it never came.""","['Missed expected menstrual period', 'Insomnia']","['Decreased appetite', 'Weight loss', 'Fatigue']"
95," ""I have been experiencing chills and muscle pain for the past few days. The chills are not severe and only last for a short while, but the muscle pain is quite intense and lasts for a few hours. The pain is localized to my arms and legs, and it feels like I have been exercising for a long time. I have tried to ignore it, but it is getting harder and harder to do so.""","['Chills', 'Muscle pain']","['Mouth/throat sores', 'Dry Mouth', 'Hoarseness']"
96," ""My nails have turned a sickly shade of yellow, and I have not been able to climax for months now. I have also started sweating excessively, and I have had several nosebleeds.""","['Nail discoloration', 'Unable to have orgasm', 'Body odor', 'Nosebleed']","['Nail discoloration', 'Nosebleed']"
97," ""I am anxious all the time, my hair falls out in clumps, I feel dizzy when I stand up quickly, and I have hot flashes throughout the day. I am always worried that something bad will happen to me or my loved ones. I have trouble sleeping at night because of my racing thoughts. I feel like I am always on edge and I have no energy to do the things I used to enjoy. I feel like I am losing my mind and I am scared of what the future holds.""","['Anxious', 'Hair loss', 'Dizziness', 'Hot flashes']","['Hair loss', 'Anxious', 'Sad', 'Discouraged']"
98," ""My skin is marred with lines that seem to stretch across my body like a map, and my heart burns with a fire that never ceases to rage.""","['Stretch marks', 'Heartburn', 'Ringing in ears']","['Heartburn', 'Nausea', 'Vomiting', 'Abdominal pain', 'Bloating']"
99," ""I'm so worried about my hair falling out, I can't sleep at night.""","['Decreased libido', 'Hair loss', 'Ringing in ears']",['Hair loss']
